denominazione_provincia,data,denominazione_regione,totale_casi
Piacenza,2020-02-24,Emilia-Romagna,0
Ravenna,2020-02-24,Emilia-Romagna,0
Gorizia,2020-02-24,Friuli Venezia Giulia,0
Trieste,2020-02-24,Friuli Venezia Giulia,0
Pordenone,2020-02-24,Friuli Venezia Giulia,0
Sondrio,2020-02-24,Lombardia,0
Ragusa,2020-02-24,Sicilia,0
Rovigo,2020-02-24,Veneto,0
Piacenza,2020-02-25,Emilia-Romagna,18
Ravenna,2020-02-25,Emilia-Romagna,0
Gorizia,2020-02-25,Friuli Venezia Giulia,0
Trieste,2020-02-25,Friuli Venezia Giulia,0
Pordenone,2020-02-25,Friuli Venezia Giulia,0
Sondrio,2020-02-25,Lombardia,1
Ragusa,2020-02-25,Sicilia,0
Rovigo,2020-02-25,Veneto,0
Piacenza,2020-02-26,Emilia-Romagna,28
Ravenna,2020-02-26,Emilia-Romagna,0
Gorizia,2020-02-26,Friuli Venezia Giulia,0
Trieste,2020-02-26,Friuli Venezia Giulia,0
Pordenone,2020-02-26,Friuli Venezia Giulia,0
Sondrio,2020-02-26,Lombardia,3
Ragusa,2020-02-26,Sicilia,0
Rovigo,2020-02-26,Veneto,0
Piacenza,2020-02-27,Emilia-Romagna,63
Ravenna,2020-02-27,Emilia-Romagna,0
Gorizia,2020-02-27,Friuli Venezia Giulia,0
Trieste,2020-02-27,Friuli Venezia Giulia,0
Pordenone,2020-02-27,Friuli Venezia Giulia,0
Sondrio,2020-02-27,Lombardia,3
Ragusa,2020-02-27,Sicilia,0
Rovigo,2020-02-27,Veneto,0
Piacenza,2020-02-28,Emilia-Romagna,89
Ravenna,2020-02-28,Emilia-Romagna,1
Gorizia,2020-02-28,Friuli Venezia Giulia,0
Trieste,2020-02-28,Friuli Venezia Giulia,0
Pordenone,2020-02-28,Friuli Venezia Giulia,0
Sondrio,2020-02-28,Lombardia,3
Ragusa,2020-02-28,Sicilia,0
Rovigo,2020-02-28,Veneto,0
Piacenza,2020-02-29,Emilia-Romagna,138
Ravenna,2020-02-29,Emilia-Romagna,1
Gorizia,2020-02-29,Friuli Venezia Giulia,0
Trieste,2020-02-29,Friuli Venezia Giulia,0
Pordenone,2020-02-29,Friuli Venezia Giulia,0
Sondrio,2020-02-29,Lombardia,3
Ragusa,2020-02-29,Sicilia,0
Rovigo,2020-02-29,Veneto,0
Piacenza,2020-03-01,Emilia-Romagna,174
Ravenna,2020-03-01,Emilia-Romagna,2
Gorizia,2020-03-01,Friuli Venezia Giulia,0
Trieste,2020-03-01,Friuli Venezia Giulia,6
Pordenone,2020-03-01,Friuli Venezia Giulia,0
Sondrio,2020-03-01,Lombardia,3
Ragusa,2020-03-01,Sicilia,0
Rovigo,2020-03-01,Veneto,0
Piacenza,2020-03-02,Emilia-Romagna,212
Ravenna,2020-03-02,Emilia-Romagna,2
Gorizia,2020-03-02,Friuli Venezia Giulia,0
Trieste,2020-03-02,Friuli Venezia Giulia,9
Pordenone,2020-03-02,Friuli Venezia Giulia,0
Sondrio,2020-03-02,Lombardia,3
Ragusa,2020-03-02,Sicilia,0
Rovigo,2020-03-02,Veneto,0
Piacenza,2020-03-03,Emilia-Romagna,256
Ravenna,2020-03-03,Emilia-Romagna,2
Gorizia,2020-03-03,Friuli Venezia Giulia,3
Trieste,2020-03-03,Friuli Venezia Giulia,2
Pordenone,2020-03-03,Friuli Venezia Giulia,0
Sondrio,2020-03-03,Lombardia,3
Ragusa,2020-03-03,Sicilia,0
Rovigo,2020-03-03,Veneto,1
Piacenza,2020-03-04,Emilia-Romagna,319
Ravenna,2020-03-04,Emilia-Romagna,2
Gorizia,2020-03-04,Friuli Venezia Giulia,5
Trieste,2020-03-04,Friuli Venezia Giulia,5
Pordenone,2020-03-04,Friuli Venezia Giulia,0
Sondrio,2020-03-04,Lombardia,4
Ragusa,2020-03-04,Sicilia,0
Rovigo,2020-03-04,Veneto,4
Piacenza,2020-03-05,Emilia-Romagna,378
Ravenna,2020-03-05,Emilia-Romagna,3
Gorizia,2020-03-05,Friuli Venezia Giulia,5
Trieste,2020-03-05,Friuli Venezia Giulia,5
Pordenone,2020-03-05,Friuli Venezia Giulia,0
Sondrio,2020-03-05,Lombardia,4
Ragusa,2020-03-05,Sicilia,0
Rovigo,2020-03-05,Veneto,5
Piacenza,2020-03-06,Emilia-Romagna,426
Ravenna,2020-03-06,Emilia-Romagna,8
Gorizia,2020-03-06,Friuli Venezia Giulia,6
Trieste,2020-03-06,Friuli Venezia Giulia,7
Pordenone,2020-03-06,Friuli Venezia Giulia,0
Sondrio,2020-03-06,Lombardia,4
Ragusa,2020-03-06,Sicilia,1
Rovigo,2020-03-06,Veneto,5
Piacenza,2020-03-07,Emilia-Romagna,479
Ravenna,2020-03-07,Emilia-Romagna,10
Gorizia,2020-03-07,Friuli Venezia Giulia,6
Trieste,2020-03-07,Friuli Venezia Giulia,11
Pordenone,2020-03-07,Friuli Venezia Giulia,2
Sondrio,2020-03-07,Lombardia,6
Ragusa,2020-03-07,Sicilia,1
Rovigo,2020-03-07,Veneto,5
Piacenza,2020-03-08,Emilia-Romagna,528
Ravenna,2020-03-08,Emilia-Romagna,13
Gorizia,2020-03-08,Friuli Venezia Giulia,6
Trieste,2020-03-08,Friuli Venezia Giulia,25
Pordenone,2020-03-08,Friuli Venezia Giulia,2
Sondrio,2020-03-08,Lombardia,6
Ragusa,2020-03-08,Sicilia,1
Rovigo,2020-03-08,Veneto,5
Piacenza,2020-03-09,Emilia-Romagna,602
Ravenna,2020-03-09,Emilia-Romagna,19
Gorizia,2020-03-09,Friuli Venezia Giulia,6
Trieste,2020-03-09,Friuli Venezia Giulia,25
Pordenone,2020-03-09,Friuli Venezia Giulia,2
Sondrio,2020-03-09,Lombardia,7
Ragusa,2020-03-09,Sicilia,1
Rovigo,2020-03-09,Veneto,7
Piacenza,2020-03-10,Emilia-Romagna,633
Ravenna,2020-03-10,Emilia-Romagna,24
Gorizia,2020-03-10,Friuli Venezia Giulia,10
Trieste,2020-03-10,Friuli Venezia Giulia,53
Pordenone,2020-03-10,Friuli Venezia Giulia,4
Sondrio,2020-03-10,Lombardia,7
Ragusa,2020-03-10,Sicilia,1
Rovigo,2020-03-10,Veneto,10
Piacenza,2020-03-11,Emilia-Romagna,664
Ravenna,2020-03-11,Emilia-Romagna,31
Gorizia,2020-03-11,Friuli Venezia Giulia,12
Trieste,2020-03-11,Friuli Venezia Giulia,57
Pordenone,2020-03-11,Friuli Venezia Giulia,13
Sondrio,2020-03-11,Lombardia,13
Ragusa,2020-03-11,Sicilia,1
Rovigo,2020-03-11,Veneto,14
Piacenza,2020-03-12,Emilia-Romagna,679
Ravenna,2020-03-12,Emilia-Romagna,41
Gorizia,2020-03-12,Friuli Venezia Giulia,12
Trieste,2020-03-12,Friuli Venezia Giulia,57
Pordenone,2020-03-12,Friuli Venezia Giulia,13
Sondrio,2020-03-12,Lombardia,23
Ragusa,2020-03-12,Sicilia,2
Rovigo,2020-03-12,Veneto,13
Piacenza,2020-03-13,Emilia-Romagna,710
Ravenna,2020-03-13,Emilia-Romagna,55
Gorizia,2020-03-13,Friuli Venezia Giulia,20
Trieste,2020-03-13,Friuli Venezia Giulia,131
Pordenone,2020-03-13,Friuli Venezia Giulia,31
Sondrio,2020-03-13,Lombardia,23
Ragusa,2020-03-13,Sicilia,2
Rovigo,2020-03-13,Veneto,16
Piacenza,2020-03-14,Emilia-Romagna,853
Ravenna,2020-03-14,Emilia-Romagna,78
Gorizia,2020-03-14,Friuli Venezia Giulia,20
Trieste,2020-03-14,Friuli Venezia Giulia,148
Pordenone,2020-03-14,Friuli Venezia Giulia,45
Sondrio,2020-03-14,Lombardia,45
Ragusa,2020-03-14,Sicilia,2
Rovigo,2020-03-14,Veneto,27
Piacenza,2020-03-15,Emilia-Romagna,1012
Ravenna,2020-03-15,Emilia-Romagna,100
Gorizia,2020-03-15,Friuli Venezia Giulia,31
Trieste,2020-03-15,Friuli Venezia Giulia,140
Pordenone,2020-03-15,Friuli Venezia Giulia,42
Sondrio,2020-03-15,Lombardia,45
Ragusa,2020-03-15,Sicilia,4
Rovigo,2020-03-15,Veneto,27
Piacenza,2020-03-16,Emilia-Romagna,1073
Ravenna,2020-03-16,Emilia-Romagna,114
Gorizia,2020-03-16,Friuli Venezia Giulia,16
Trieste,2020-03-16,Friuli Venezia Giulia,164
Pordenone,2020-03-16,Friuli Venezia Giulia,54
Sondrio,2020-03-16,Lombardia,46
Ragusa,2020-03-16,Sicilia,4
Rovigo,2020-03-16,Veneto,27
Piacenza,2020-03-17,Emilia-Romagna,1204
Ravenna,2020-03-17,Emilia-Romagna,124
Gorizia,2020-03-17,Friuli Venezia Giulia,18
Trieste,2020-03-17,Friuli Venezia Giulia,177
Pordenone,2020-03-17,Friuli Venezia Giulia,54
Sondrio,2020-03-17,Lombardia,74
Ragusa,2020-03-17,Sicilia,4
Rovigo,2020-03-17,Veneto,28
Piacenza,2020-03-18,Emilia-Romagna,1340
Ravenna,2020-03-18,Emilia-Romagna,153
Gorizia,2020-03-18,Friuli Venezia Giulia,25
Trieste,2020-03-18,Friuli Venezia Giulia,180
Pordenone,2020-03-18,Friuli Venezia Giulia,76
Sondrio,2020-03-18,Lombardia,75
Ragusa,2020-03-18,Sicilia,6
Rovigo,2020-03-18,Veneto,33
Piacenza,2020-03-19,Emilia-Romagna,1428
Ravenna,2020-03-19,Emilia-Romagna,185
Gorizia,2020-03-19,Friuli Venezia Giulia,28
Trieste,2020-03-19,Friuli Venezia Giulia,208
Pordenone,2020-03-19,Friuli Venezia Giulia,97
Sondrio,2020-03-19,Lombardia,155
Ragusa,2020-03-19,Sicilia,7
Rovigo,2020-03-19,Veneto,52
Piacenza,2020-03-20,Emilia-Romagna,1575
Ravenna,2020-03-20,Emilia-Romagna,213
Gorizia,2020-03-20,Friuli Venezia Giulia,30
Trieste,2020-03-20,Friuli Venezia Giulia,216
Pordenone,2020-03-20,Friuli Venezia Giulia,114
Sondrio,2020-03-20,Lombardia,163
Ragusa,2020-03-20,Sicilia,7
Rovigo,2020-03-20,Veneto,67
Piacenza,2020-03-21,Emilia-Romagna,1693
Ravenna,2020-03-21,Emilia-Romagna,287
Gorizia,2020-03-21,Friuli Venezia Giulia,38
Trieste,2020-03-21,Friuli Venezia Giulia,270
Pordenone,2020-03-21,Friuli Venezia Giulia,144
Sondrio,2020-03-21,Lombardia,179
Ragusa,2020-03-21,Sicilia,8
Rovigo,2020-03-21,Veneto,68
Piacenza,2020-03-22,Emilia-Romagna,1765
Ravenna,2020-03-22,Emilia-Romagna,309
Gorizia,2020-03-22,Friuli Venezia Giulia,44
Trieste,2020-03-22,Friuli Venezia Giulia,297
Pordenone,2020-03-22,Friuli Venezia Giulia,165
Sondrio,2020-03-22,Lombardia,205
Ragusa,2020-03-22,Sicilia,9
Rovigo,2020-03-22,Veneto,76
Piacenza,2020-03-23,Emilia-Romagna,1885
Ravenna,2020-03-23,Emilia-Romagna,342
Gorizia,2020-03-23,Friuli Venezia Giulia,55
Trieste,2020-03-23,Friuli Venezia Giulia,320
Pordenone,2020-03-23,Friuli Venezia Giulia,170
Sondrio,2020-03-23,Lombardia,208
Ragusa,2020-03-23,Sicilia,9
Rovigo,2020-03-23,Veneto,80
Piacenza,2020-03-24,Emilia-Romagna,1981
Ravenna,2020-03-24,Emilia-Romagna,368
Gorizia,2020-03-24,Friuli Venezia Giulia,57
Trieste,2020-03-24,Friuli Venezia Giulia,329
Pordenone,2020-03-24,Friuli Venezia Giulia,201
Sondrio,2020-03-24,Lombardia,253
Ragusa,2020-03-24,Sicilia,9
Rovigo,2020-03-24,Veneto,82
Piacenza,2020-03-25,Emilia-Romagna,2122
Ravenna,2020-03-25,Emilia-Romagna,387
Gorizia,2020-03-25,Friuli Venezia Giulia,65
Trieste,2020-03-25,Friuli Venezia Giulia,355
Pordenone,2020-03-25,Friuli Venezia Giulia,277
Sondrio,2020-03-25,Lombardia,284
Ragusa,2020-03-25,Sicilia,22
Rovigo,2020-03-25,Veneto,87
Piacenza,2020-03-26,Emilia-Romagna,2213
Ravenna,2020-03-26,Emilia-Romagna,451
Gorizia,2020-03-26,Friuli Venezia Giulia,75
Trieste,2020-03-26,Friuli Venezia Giulia,385
Pordenone,2020-03-26,Friuli Venezia Giulia,295
Sondrio,2020-03-26,Lombardia,325
Ragusa,2020-03-26,Sicilia,28
Rovigo,2020-03-26,Veneto,110
Piacenza,2020-03-27,Emilia-Romagna,2276
Ravenna,2020-03-27,Emilia-Romagna,488
Gorizia,2020-03-27,Friuli Venezia Giulia,79
Trieste,2020-03-27,Friuli Venezia Giulia,411
Pordenone,2020-03-27,Friuli Venezia Giulia,332
Sondrio,2020-03-27,Lombardia,362
Ragusa,2020-03-27,Sicilia,32
Rovigo,2020-03-27,Veneto,122
Piacenza,2020-03-28,Emilia-Romagna,2390
Ravenna,2020-03-28,Emilia-Romagna,521
Gorizia,2020-03-28,Friuli Venezia Giulia,85
Trieste,2020-03-28,Friuli Venezia Giulia,452
Pordenone,2020-03-28,Friuli Venezia Giulia,362
Sondrio,2020-03-28,Lombardia,388
Ragusa,2020-03-28,Sicilia,32
Rovigo,2020-03-28,Veneto,122
Piacenza,2020-03-29,Emilia-Romagna,2475
Ravenna,2020-03-29,Emilia-Romagna,553
Gorizia,2020-03-29,Friuli Venezia Giulia,91
Trieste,2020-03-29,Friuli Venezia Giulia,476
Pordenone,2020-03-29,Friuli Venezia Giulia,368
Sondrio,2020-03-29,Lombardia,422
Ragusa,2020-03-29,Sicilia,32
Rovigo,2020-03-29,Veneto,125
Piacenza,2020-03-30,Emilia-Romagna,2516
Ravenna,2020-03-30,Emilia-Romagna,568
Gorizia,2020-03-30,Friuli Venezia Giulia,91
Trieste,2020-03-30,Friuli Venezia Giulia,494
Pordenone,2020-03-30,Friuli Venezia Giulia,383
Sondrio,2020-03-30,Lombardia,446
Ragusa,2020-03-30,Sicilia,35
Rovigo,2020-03-30,Veneto,131
Piacenza,2020-03-31,Emilia-Romagna,2635
Ravenna,2020-03-31,Emilia-Romagna,580
Gorizia,2020-03-31,Friuli Venezia Giulia,98
Trieste,2020-03-31,Friuli Venezia Giulia,545
Pordenone,2020-03-31,Friuli Venezia Giulia,405
Sondrio,2020-03-31,Lombardia,470
Ragusa,2020-03-31,Sicilia,43
Rovigo,2020-03-31,Veneto,136
Piacenza,2020-04-01,Emilia-Romagna,2716
Ravenna,2020-04-01,Emilia-Romagna,605
Gorizia,2020-04-01,Friuli Venezia Giulia,106
Trieste,2020-04-01,Friuli Venezia Giulia,575
Pordenone,2020-04-01,Friuli Venezia Giulia,419
Sondrio,2020-04-01,Lombardia,484
Ragusa,2020-04-01,Sicilia,44
Rovigo,2020-04-01,Veneto,140
Piacenza,2020-04-02,Emilia-Romagna,2765
Ravenna,2020-04-02,Emilia-Romagna,627
Gorizia,2020-04-02,Friuli Venezia Giulia,110
Trieste,2020-04-02,Friuli Venezia Giulia,598
Pordenone,2020-04-02,Friuli Venezia Giulia,441
Sondrio,2020-04-02,Lombardia,517
Ragusa,2020-04-02,Sicilia,45
Rovigo,2020-04-02,Veneto,152
Piacenza,2020-04-03,Emilia-Romagna,2811
Ravenna,2020-04-03,Emilia-Romagna,656
Gorizia,2020-04-03,Friuli Venezia Giulia,111
Trieste,2020-04-03,Friuli Venezia Giulia,629
Pordenone,2020-04-03,Friuli Venezia Giulia,452
Sondrio,2020-04-03,Lombardia,537
Ragusa,2020-04-03,Sicilia,46
Rovigo,2020-04-03,Veneto,180
Piacenza,2020-04-04,Emilia-Romagna,2842
Ravenna,2020-04-04,Emilia-Romagna,688
Gorizia,2020-04-04,Friuli Venezia Giulia,115
Trieste,2020-04-04,Friuli Venezia Giulia,651
Pordenone,2020-04-04,Friuli Venezia Giulia,461
Sondrio,2020-04-04,Lombardia,563
Ragusa,2020-04-04,Sicilia,47
Rovigo,2020-04-04,Veneto,184
Piacenza,2020-04-05,Emilia-Romagna,2892
Ravenna,2020-04-05,Emilia-Romagna,708
Gorizia,2020-04-05,Friuli Venezia Giulia,116
Trieste,2020-04-05,Friuli Venezia Giulia,670
Pordenone,2020-04-05,Friuli Venezia Giulia,470
Sondrio,2020-04-05,Lombardia,591
Ragusa,2020-04-05,Sicilia,48
Rovigo,2020-04-05,Veneto,186
Piacenza,2020-04-06,Emilia-Romagna,2936
Ravenna,2020-04-06,Emilia-Romagna,728
Gorizia,2020-04-06,Friuli Venezia Giulia,119
Trieste,2020-04-06,Friuli Venezia Giulia,708
Pordenone,2020-04-06,Friuli Venezia Giulia,477
Sondrio,2020-04-06,Lombardia,614
Ragusa,2020-04-06,Sicilia,54
Rovigo,2020-04-06,Veneto,203
Piacenza,2020-04-07,Emilia-Romagna,2953
Ravenna,2020-04-07,Emilia-Romagna,738
Gorizia,2020-04-07,Friuli Venezia Giulia,119
Trieste,2020-04-07,Friuli Venezia Giulia,733
Pordenone,2020-04-07,Friuli Venezia Giulia,480
Sondrio,2020-04-07,Lombardia,620
Ragusa,2020-04-07,Sicilia,54
Rovigo,2020-04-07,Veneto,218
Piacenza,2020-04-08,Emilia-Romagna,2980
Ravenna,2020-04-08,Emilia-Romagna,746
Gorizia,2020-04-08,Friuli Venezia Giulia,121
Trieste,2020-04-08,Friuli Venezia Giulia,763
Pordenone,2020-04-08,Friuli Venezia Giulia,497
Sondrio,2020-04-08,Lombardia,636
Ragusa,2020-04-08,Sicilia,56
Rovigo,2020-04-08,Veneto,232
Piacenza,2020-04-09,Emilia-Romagna,3020
Ravenna,2020-04-09,Emilia-Romagna,751
Gorizia,2020-04-09,Friuli Venezia Giulia,120
Trieste,2020-04-09,Friuli Venezia Giulia,821
Pordenone,2020-04-09,Friuli Venezia Giulia,513
Sondrio,2020-04-09,Lombardia,654
Ragusa,2020-04-09,Sicilia,58
Rovigo,2020-04-09,Veneto,249
Piacenza,2020-04-10,Emilia-Romagna,3049
Ravenna,2020-04-10,Emilia-Romagna,776
Gorizia,2020-04-10,Friuli Venezia Giulia,121
Trieste,2020-04-10,Friuli Venezia Giulia,857
Pordenone,2020-04-10,Friuli Venezia Giulia,520
Sondrio,2020-04-10,Lombardia,661
Ragusa,2020-04-10,Sicilia,61
Rovigo,2020-04-10,Veneto,271
Piacenza,2020-04-11,Emilia-Romagna,3063
Ravenna,2020-04-11,Emilia-Romagna,789
Gorizia,2020-04-11,Friuli Venezia Giulia,121
Trieste,2020-04-11,Friuli Venezia Giulia,872
Pordenone,2020-04-11,Friuli Venezia Giulia,529
Sondrio,2020-04-11,Lombardia,684
Ragusa,2020-04-11,Sicilia,64
Rovigo,2020-04-11,Veneto,274
Piacenza,2020-04-12,Emilia-Romagna,3100
Ravenna,2020-04-12,Emilia-Romagna,801
Gorizia,2020-04-12,Friuli Venezia Giulia,123
Trieste,2020-04-12,Friuli Venezia Giulia,890
Pordenone,2020-04-12,Friuli Venezia Giulia,539
Sondrio,2020-04-12,Lombardia,720
Ragusa,2020-04-12,Sicilia,66
Rovigo,2020-04-12,Veneto,280
Piacenza,2020-04-13,Emilia-Romagna,3138
Ravenna,2020-04-13,Emilia-Romagna,827
Gorizia,2020-04-13,Friuli Venezia Giulia,127
Trieste,2020-04-13,Friuli Venezia Giulia,916
Pordenone,2020-04-13,Friuli Venezia Giulia,547
Sondrio,2020-04-13,Lombardia,796
Ragusa,2020-04-13,Sicilia,67
Rovigo,2020-04-13,Veneto,280
Piacenza,2020-04-14,Emilia-Romagna,3167
Ravenna,2020-04-14,Emilia-Romagna,880
Gorizia,2020-04-14,Friuli Venezia Giulia,129
Trieste,2020-04-14,Friuli Venezia Giulia,945
Pordenone,2020-04-14,Friuli Venezia Giulia,551
Sondrio,2020-04-14,Lombardia,849
Ragusa,2020-04-14,Sicilia,67
Rovigo,2020-04-14,Veneto,287
Piacenza,2020-04-15,Emilia-Romagna,3223
Ravenna,2020-04-15,Emilia-Romagna,889
Gorizia,2020-04-15,Friuli Venezia Giulia,130
Trieste,2020-04-15,Friuli Venezia Giulia,961
Pordenone,2020-04-15,Friuli Venezia Giulia,557
Sondrio,2020-04-15,Lombardia,859
Ragusa,2020-04-15,Sicilia,68
Rovigo,2020-04-15,Veneto,291
Piacenza,2020-04-16,Emilia-Romagna,3249
Ravenna,2020-04-16,Emilia-Romagna,904
Gorizia,2020-04-16,Friuli Venezia Giulia,132
Trieste,2020-04-16,Friuli Venezia Giulia,1011
Pordenone,2020-04-16,Friuli Venezia Giulia,573
Sondrio,2020-04-16,Lombardia,864
Ragusa,2020-04-16,Sicilia,69
Rovigo,2020-04-16,Veneto,297
Piacenza,2020-04-17,Emilia-Romagna,3274
Ravenna,2020-04-17,Emilia-Romagna,910
Gorizia,2020-04-17,Friuli Venezia Giulia,132
Trieste,2020-04-17,Friuli Venezia Giulia,1067
Pordenone,2020-04-17,Friuli Venezia Giulia,574
Sondrio,2020-04-17,Lombardia,866
Ragusa,2020-04-17,Sicilia,69
Rovigo,2020-04-17,Veneto,301
Piacenza,2020-04-18,Emilia-Romagna,3299
Ravenna,2020-04-18,Emilia-Romagna,921
Gorizia,2020-04-18,Friuli Venezia Giulia,131
Trieste,2020-04-18,Friuli Venezia Giulia,1102
Pordenone,2020-04-18,Friuli Venezia Giulia,587
Sondrio,2020-04-18,Lombardia,937
Ragusa,2020-04-18,Sicilia,69
Rovigo,2020-04-18,Veneto,306
Piacenza,2020-04-19,Emilia-Romagna,3369
Ravenna,2020-04-19,Emilia-Romagna,926
Gorizia,2020-04-19,Friuli Venezia Giulia,132
Trieste,2020-04-19,Friuli Venezia Giulia,1108
Pordenone,2020-04-19,Friuli Venezia Giulia,591
Sondrio,2020-04-19,Lombardia,956
Ragusa,2020-04-19,Sicilia,69
Rovigo,2020-04-19,Veneto,306
Piacenza,2020-04-20,Emilia-Romagna,3393
Ravenna,2020-04-20,Emilia-Romagna,934
Gorizia,2020-04-20,Friuli Venezia Giulia,138
Trieste,2020-04-20,Friuli Venezia Giulia,1122
Pordenone,2020-04-20,Friuli Venezia Giulia,596
Sondrio,2020-04-20,Lombardia,960
Ragusa,2020-04-20,Sicilia,69
Rovigo,2020-04-20,Veneto,307
Piacenza,2020-04-21,Emilia-Romagna,3460
Ravenna,2020-04-21,Emilia-Romagna,937
Gorizia,2020-04-21,Friuli Venezia Giulia,143
Trieste,2020-04-21,Friuli Venezia Giulia,1125
Pordenone,2020-04-21,Friuli Venezia Giulia,599
Sondrio,2020-04-21,Lombardia,966
Ragusa,2020-04-21,Sicilia,70
Rovigo,2020-04-21,Veneto,369
Piacenza,2020-04-22,Emilia-Romagna,3533
Ravenna,2020-04-22,Emilia-Romagna,941
Gorizia,2020-04-22,Friuli Venezia Giulia,149
Trieste,2020-04-22,Friuli Venezia Giulia,1136
Pordenone,2020-04-22,Friuli Venezia Giulia,599
Sondrio,2020-04-22,Lombardia,1012
Ragusa,2020-04-22,Sicilia,72
Rovigo,2020-04-22,Veneto,400
Piacenza,2020-04-23,Emilia-Romagna,3586
Ravenna,2020-04-23,Emilia-Romagna,956
Gorizia,2020-04-23,Friuli Venezia Giulia,164
Trieste,2020-04-23,Friuli Venezia Giulia,1152
Pordenone,2020-04-23,Friuli Venezia Giulia,607
Sondrio,2020-04-23,Lombardia,1056
Ragusa,2020-04-23,Sicilia,74
Rovigo,2020-04-23,Veneto,403
Piacenza,2020-04-24,Emilia-Romagna,3635
Ravenna,2020-04-24,Emilia-Romagna,963
Gorizia,2020-04-24,Friuli Venezia Giulia,168
Trieste,2020-04-24,Friuli Venezia Giulia,1164
Pordenone,2020-04-24,Friuli Venezia Giulia,612
Sondrio,2020-04-24,Lombardia,1088
Ragusa,2020-04-24,Sicilia,83
Rovigo,2020-04-24,Veneto,413
Piacenza,2020-04-25,Emilia-Romagna,3695
Ravenna,2020-04-25,Emilia-Romagna,969
Gorizia,2020-04-25,Friuli Venezia Giulia,174
Trieste,2020-04-25,Friuli Venezia Giulia,1177
Pordenone,2020-04-25,Friuli Venezia Giulia,613
Sondrio,2020-04-25,Lombardia,1130
Ragusa,2020-04-25,Sicilia,87
Rovigo,2020-04-25,Veneto,416
Piacenza,2020-04-26,Emilia-Romagna,3751
Ravenna,2020-04-26,Emilia-Romagna,969
Gorizia,2020-04-26,Friuli Venezia Giulia,175
Trieste,2020-04-26,Friuli Venezia Giulia,1181
Pordenone,2020-04-26,Friuli Venezia Giulia,621
Sondrio,2020-04-26,Lombardia,1132
Ragusa,2020-04-26,Sicilia,89
Rovigo,2020-04-26,Veneto,417
Piacenza,2020-04-27,Emilia-Romagna,3826
Ravenna,2020-04-27,Emilia-Romagna,970
Gorizia,2020-04-27,Friuli Venezia Giulia,179
Trieste,2020-04-27,Friuli Venezia Giulia,1227
Pordenone,2020-04-27,Friuli Venezia Giulia,625
Sondrio,2020-04-27,Lombardia,1132
Ragusa,2020-04-27,Sicilia,89
Rovigo,2020-04-27,Veneto,422
Piacenza,2020-04-28,Emilia-Romagna,3918
Ravenna,2020-04-28,Emilia-Romagna,978
Gorizia,2020-04-28,Friuli Venezia Giulia,181
Trieste,2020-04-28,Friuli Venezia Giulia,1237
Pordenone,2020-04-28,Friuli Venezia Giulia,627
Sondrio,2020-04-28,Lombardia,1141
Ragusa,2020-04-28,Sicilia,89
Rovigo,2020-04-28,Veneto,424
Piacenza,2020-04-29,Emilia-Romagna,3993
Ravenna,2020-04-29,Emilia-Romagna,981
Gorizia,2020-04-29,Friuli Venezia Giulia,182
Trieste,2020-04-29,Friuli Venezia Giulia,1245
Pordenone,2020-04-29,Friuli Venezia Giulia,630
Sondrio,2020-04-29,Lombardia,1143
Ragusa,2020-04-29,Sicilia,89
Rovigo,2020-04-29,Veneto,426
Piacenza,2020-04-30,Emilia-Romagna,4062
Ravenna,2020-04-30,Emilia-Romagna,982
Gorizia,2020-04-30,Friuli Venezia Giulia,186
Trieste,2020-04-30,Friuli Venezia Giulia,1252
Pordenone,2020-04-30,Friuli Venezia Giulia,634
Sondrio,2020-04-30,Lombardia,1180
Ragusa,2020-04-30,Sicilia,91
Rovigo,2020-04-30,Veneto,427
Piacenza,2020-05-01,Emilia-Romagna,4115
Ravenna,2020-05-01,Emilia-Romagna,982
Gorizia,2020-05-01,Friuli Venezia Giulia,187
Trieste,2020-05-01,Friuli Venezia Giulia,1256
Pordenone,2020-05-01,Friuli Venezia Giulia,644
Sondrio,2020-05-01,Lombardia,1181
Ragusa,2020-05-01,Sicilia,92
Rovigo,2020-05-01,Veneto,430
Piacenza,2020-05-02,Emilia-Romagna,4175
Ravenna,2020-05-02,Emilia-Romagna,983
Gorizia,2020-05-02,Friuli Venezia Giulia,189
Trieste,2020-05-02,Friuli Venezia Giulia,1271
Pordenone,2020-05-02,Friuli Venezia Giulia,644
Sondrio,2020-05-02,Lombardia,1181
Ragusa,2020-05-02,Sicilia,92
Rovigo,2020-05-02,Veneto,430
Piacenza,2020-05-03,Emilia-Romagna,4214
Ravenna,2020-05-03,Emilia-Romagna,986
Gorizia,2020-05-03,Friuli Venezia Giulia,189
Trieste,2020-05-03,Friuli Venezia Giulia,1281
Pordenone,2020-05-03,Friuli Venezia Giulia,645
Sondrio,2020-05-03,Lombardia,1181
Ragusa,2020-05-03,Sicilia,92
Rovigo,2020-05-03,Veneto,431
Piacenza,2020-05-04,Emilia-Romagna,4251
Ravenna,2020-05-04,Emilia-Romagna,986
Gorizia,2020-05-04,Friuli Venezia Giulia,189
Trieste,2020-05-04,Friuli Venezia Giulia,1284
Pordenone,2020-05-04,Friuli Venezia Giulia,646
Sondrio,2020-05-04,Lombardia,1210
Ragusa,2020-05-04,Sicilia,92
Rovigo,2020-05-04,Veneto,430
Piacenza,2020-05-05,Emilia-Romagna,4286
Ravenna,2020-05-05,Emilia-Romagna,986
Gorizia,2020-05-05,Friuli Venezia Giulia,189
Trieste,2020-05-05,Friuli Venezia Giulia,1292
Pordenone,2020-05-05,Friuli Venezia Giulia,646
Sondrio,2020-05-05,Lombardia,1223
Ragusa,2020-05-05,Sicilia,94
Rovigo,2020-05-05,Veneto,429
Piacenza,2020-05-06,Emilia-Romagna,4295
Ravenna,2020-05-06,Emilia-Romagna,990
Gorizia,2020-05-06,Friuli Venezia Giulia,190
Trieste,2020-05-06,Friuli Venezia Giulia,1298
Pordenone,2020-05-06,Friuli Venezia Giulia,647
Sondrio,2020-05-06,Lombardia,1230
Ragusa,2020-05-06,Sicilia,94
Rovigo,2020-05-06,Veneto,430
Piacenza,2020-05-07,Emilia-Romagna,4300
Ravenna,2020-05-07,Emilia-Romagna,993
Gorizia,2020-05-07,Friuli Venezia Giulia,192
Trieste,2020-05-07,Friuli Venezia Giulia,1300
Pordenone,2020-05-07,Friuli Venezia Giulia,648
Sondrio,2020-05-07,Lombardia,1266
Ragusa,2020-05-07,Sicilia,94
Rovigo,2020-05-07,Veneto,429
Piacenza,2020-05-08,Emilia-Romagna,4334
Ravenna,2020-05-08,Emilia-Romagna,993
Gorizia,2020-05-08,Friuli Venezia Giulia,194
Trieste,2020-05-08,Friuli Venezia Giulia,1306
Pordenone,2020-05-08,Friuli Venezia Giulia,649
Sondrio,2020-05-08,Lombardia,1276
Ragusa,2020-05-08,Sicilia,94
Rovigo,2020-05-08,Veneto,429
Piacenza,2020-05-09,Emilia-Romagna,4346
Ravenna,2020-05-09,Emilia-Romagna,995
Gorizia,2020-05-09,Friuli Venezia Giulia,195
Trieste,2020-05-09,Friuli Venezia Giulia,1311
Pordenone,2020-05-09,Friuli Venezia Giulia,650
Sondrio,2020-05-09,Lombardia,1280
Ragusa,2020-05-09,Sicilia,94
Rovigo,2020-05-09,Veneto,430
Piacenza,2020-05-10,Emilia-Romagna,4361
Ravenna,2020-05-10,Emilia-Romagna,997
Gorizia,2020-05-10,Friuli Venezia Giulia,195
Trieste,2020-05-10,Friuli Venezia Giulia,1316
Pordenone,2020-05-10,Friuli Venezia Giulia,651
Sondrio,2020-05-10,Lombardia,1287
Ragusa,2020-05-10,Sicilia,94
Rovigo,2020-05-10,Veneto,432
Piacenza,2020-05-11,Emilia-Romagna,4375
Ravenna,2020-05-11,Emilia-Romagna,999
Gorizia,2020-05-11,Friuli Venezia Giulia,195
Trieste,2020-05-11,Friuli Venezia Giulia,1322
Pordenone,2020-05-11,Friuli Venezia Giulia,651
Sondrio,2020-05-11,Lombardia,1288
Ragusa,2020-05-11,Sicilia,94
Rovigo,2020-05-11,Veneto,433
Piacenza,2020-05-12,Emilia-Romagna,4386
Ravenna,2020-05-12,Emilia-Romagna,999
Gorizia,2020-05-12,Friuli Venezia Giulia,196
Trieste,2020-05-12,Friuli Venezia Giulia,1328
Pordenone,2020-05-12,Friuli Venezia Giulia,654
Sondrio,2020-05-12,Lombardia,1317
Ragusa,2020-05-12,Sicilia,94
Rovigo,2020-05-12,Veneto,433
Piacenza,2020-05-13,Emilia-Romagna,4391
Ravenna,2020-05-13,Emilia-Romagna,999
Gorizia,2020-05-13,Friuli Venezia Giulia,197
Trieste,2020-05-13,Friuli Venezia Giulia,1329
Pordenone,2020-05-13,Friuli Venezia Giulia,659
Sondrio,2020-05-13,Lombardia,1321
Ragusa,2020-05-13,Sicilia,94
Rovigo,2020-05-13,Veneto,435
Piacenza,2020-05-14,Emilia-Romagna,4405
Ravenna,2020-05-14,Emilia-Romagna,1000
Gorizia,2020-05-14,Friuli Venezia Giulia,198
Trieste,2020-05-14,Friuli Venezia Giulia,1332
Pordenone,2020-05-14,Friuli Venezia Giulia,659
Sondrio,2020-05-14,Lombardia,1338
Ragusa,2020-05-14,Sicilia,94
Rovigo,2020-05-14,Veneto,436
Piacenza,2020-05-15,Emilia-Romagna,4412
Ravenna,2020-05-15,Emilia-Romagna,1005
Gorizia,2020-05-15,Friuli Venezia Giulia,199
Trieste,2020-05-15,Friuli Venezia Giulia,1341
Pordenone,2020-05-15,Friuli Venezia Giulia,662
Sondrio,2020-05-15,Lombardia,1339
Ragusa,2020-05-15,Sicilia,94
Rovigo,2020-05-15,Veneto,437
Piacenza,2020-05-16,Emilia-Romagna,4417
Ravenna,2020-05-16,Emilia-Romagna,1007
Gorizia,2020-05-16,Friuli Venezia Giulia,200
Trieste,2020-05-16,Friuli Venezia Giulia,1345
Pordenone,2020-05-16,Friuli Venezia Giulia,665
Sondrio,2020-05-16,Lombardia,1363
Ragusa,2020-05-16,Sicilia,94
Rovigo,2020-05-16,Veneto,437
Piacenza,2020-05-17,Emilia-Romagna,4422
Ravenna,2020-05-17,Emilia-Romagna,1012
Gorizia,2020-05-17,Friuli Venezia Giulia,203
Trieste,2020-05-17,Friuli Venezia Giulia,1348
Pordenone,2020-05-17,Friuli Venezia Giulia,667
Sondrio,2020-05-17,Lombardia,1367
Ragusa,2020-05-17,Sicilia,94
Rovigo,2020-05-17,Veneto,438
Piacenza,2020-05-18,Emilia-Romagna,4433
Ravenna,2020-05-18,Emilia-Romagna,1012
Gorizia,2020-05-18,Friuli Venezia Giulia,204
Trieste,2020-05-18,Friuli Venezia Giulia,1354
Pordenone,2020-05-18,Friuli Venezia Giulia,667
Sondrio,2020-05-18,Lombardia,1369
Ragusa,2020-05-18,Sicilia,94
Rovigo,2020-05-18,Veneto,439
Piacenza,2020-05-19,Emilia-Romagna,4436
Ravenna,2020-05-19,Emilia-Romagna,1015
Gorizia,2020-05-19,Friuli Venezia Giulia,205
Trieste,2020-05-19,Friuli Venezia Giulia,1357
Pordenone,2020-05-19,Friuli Venezia Giulia,668
Sondrio,2020-05-19,Lombardia,1378
Ragusa,2020-05-19,Sicilia,97
Rovigo,2020-05-19,Veneto,440
Piacenza,2020-05-20,Emilia-Romagna,4447
Ravenna,2020-05-20,Emilia-Romagna,1017
Gorizia,2020-05-20,Friuli Venezia Giulia,205
Trieste,2020-05-20,Friuli Venezia Giulia,1361
Pordenone,2020-05-20,Friuli Venezia Giulia,669
Sondrio,2020-05-20,Lombardia,1383
Ragusa,2020-05-20,Sicilia,97
Rovigo,2020-05-20,Veneto,440
Piacenza,2020-05-21,Emilia-Romagna,4449
Ravenna,2020-05-21,Emilia-Romagna,1018
Gorizia,2020-05-21,Friuli Venezia Giulia,205
Trieste,2020-05-21,Friuli Venezia Giulia,1365
Pordenone,2020-05-21,Friuli Venezia Giulia,670
Sondrio,2020-05-21,Lombardia,1404
Ragusa,2020-05-21,Sicilia,97
Rovigo,2020-05-21,Veneto,440
Piacenza,2020-05-22,Emilia-Romagna,4455
Ravenna,2020-05-22,Emilia-Romagna,1018
Gorizia,2020-05-22,Friuli Venezia Giulia,209
Trieste,2020-05-22,Friuli Venezia Giulia,1368
Pordenone,2020-05-22,Friuli Venezia Giulia,671
Sondrio,2020-05-22,Lombardia,1407
Ragusa,2020-05-22,Sicilia,97
Rovigo,2020-05-22,Veneto,441
Piacenza,2020-05-23,Emilia-Romagna,4457
Ravenna,2020-05-23,Emilia-Romagna,1018
Gorizia,2020-05-23,Friuli Venezia Giulia,210
Trieste,2020-05-23,Friuli Venezia Giulia,1372
Pordenone,2020-05-23,Friuli Venezia Giulia,672
Sondrio,2020-05-23,Lombardia,1414
Ragusa,2020-05-23,Sicilia,97
Rovigo,2020-05-23,Veneto,441
Piacenza,2020-05-24,Emilia-Romagna,4459
Ravenna,2020-05-24,Emilia-Romagna,1020
Gorizia,2020-05-24,Friuli Venezia Giulia,210
Trieste,2020-05-24,Friuli Venezia Giulia,1374
Pordenone,2020-05-24,Friuli Venezia Giulia,672
Sondrio,2020-05-24,Lombardia,1416
Ragusa,2020-05-24,Sicilia,97
Rovigo,2020-05-24,Veneto,442
Piacenza,2020-05-25,Emilia-Romagna,4464
Ravenna,2020-05-25,Emilia-Romagna,1020
Gorizia,2020-05-25,Friuli Venezia Giulia,210
Trieste,2020-05-25,Friuli Venezia Giulia,1377
Pordenone,2020-05-25,Friuli Venezia Giulia,673
Sondrio,2020-05-25,Lombardia,1426
Ragusa,2020-05-25,Sicilia,97
Rovigo,2020-05-25,Veneto,442
Piacenza,2020-05-26,Emilia-Romagna,4465
Ravenna,2020-05-26,Emilia-Romagna,1023
Gorizia,2020-05-26,Friuli Venezia Giulia,210
Trieste,2020-05-26,Friuli Venezia Giulia,1377
Pordenone,2020-05-26,Friuli Venezia Giulia,683
Sondrio,2020-05-26,Lombardia,1429
Ragusa,2020-05-26,Sicilia,97
Rovigo,2020-05-26,Veneto,442
Piacenza,2020-05-27,Emilia-Romagna,4469
Ravenna,2020-05-27,Emilia-Romagna,1023
Gorizia,2020-05-27,Friuli Venezia Giulia,212
Trieste,2020-05-27,Friuli Venezia Giulia,1378
Pordenone,2020-05-27,Friuli Venezia Giulia,684
Sondrio,2020-05-27,Lombardia,1431
Ragusa,2020-05-27,Sicilia,97
Rovigo,2020-05-27,Veneto,442
Piacenza,2020-05-28,Emilia-Romagna,4475
Ravenna,2020-05-28,Emilia-Romagna,1024
Gorizia,2020-05-28,Friuli Venezia Giulia,213
Trieste,2020-05-28,Friuli Venezia Giulia,1384
Pordenone,2020-05-28,Friuli Venezia Giulia,684
Sondrio,2020-05-28,Lombardia,1454
Ragusa,2020-05-28,Sicilia,97
Rovigo,2020-05-28,Veneto,442
Piacenza,2020-05-29,Emilia-Romagna,4475
Ravenna,2020-05-29,Emilia-Romagna,1026
Gorizia,2020-05-29,Friuli Venezia Giulia,214
Trieste,2020-05-29,Friuli Venezia Giulia,1385
Pordenone,2020-05-29,Friuli Venezia Giulia,686
Sondrio,2020-05-29,Lombardia,1459
Ragusa,2020-05-29,Sicilia,97
Rovigo,2020-05-29,Veneto,442
Piacenza,2020-05-30,Emilia-Romagna,4477
Ravenna,2020-05-30,Emilia-Romagna,1027
Gorizia,2020-05-30,Friuli Venezia Giulia,214
Trieste,2020-05-30,Friuli Venezia Giulia,1387
Pordenone,2020-05-30,Friuli Venezia Giulia,688
Sondrio,2020-05-30,Lombardia,1460
Ragusa,2020-05-30,Sicilia,97
Rovigo,2020-05-30,Veneto,442
Piacenza,2020-05-31,Emilia-Romagna,4487
Ravenna,2020-05-31,Emilia-Romagna,1028
Gorizia,2020-05-31,Friuli Venezia Giulia,214
Trieste,2020-05-31,Friuli Venezia Giulia,1388
Pordenone,2020-05-31,Friuli Venezia Giulia,688
Sondrio,2020-05-31,Lombardia,1463
Ragusa,2020-05-31,Sicilia,97
Rovigo,2020-05-31,Veneto,442
Piacenza,2020-06-01,Emilia-Romagna,4489
Ravenna,2020-06-01,Emilia-Romagna,1028
Gorizia,2020-06-01,Friuli Venezia Giulia,214
Trieste,2020-06-01,Friuli Venezia Giulia,1388
Pordenone,2020-06-01,Friuli Venezia Giulia,688
Sondrio,2020-06-01,Lombardia,1464
Ragusa,2020-06-01,Sicilia,97
Rovigo,2020-06-01,Veneto,442
Piacenza,2020-06-02,Emilia-Romagna,4493
Ravenna,2020-06-02,Emilia-Romagna,1028
Gorizia,2020-06-02,Friuli Venezia Giulia,214
Trieste,2020-06-02,Friuli Venezia Giulia,1388
Pordenone,2020-06-02,Friuli Venezia Giulia,688
Sondrio,2020-06-02,Lombardia,1468
Ragusa,2020-06-02,Sicilia,97
Rovigo,2020-06-02,Veneto,442
Piacenza,2020-06-03,Emilia-Romagna,4495
Ravenna,2020-06-03,Emilia-Romagna,1028
Gorizia,2020-06-03,Friuli Venezia Giulia,214
Trieste,2020-06-03,Friuli Venezia Giulia,1388
Pordenone,2020-06-03,Friuli Venezia Giulia,688
Sondrio,2020-06-03,Lombardia,1469
Ragusa,2020-06-03,Sicilia,97
Rovigo,2020-06-03,Veneto,442
Piacenza,2020-06-04,Emilia-Romagna,4496
Ravenna,2020-06-04,Emilia-Romagna,1028
Gorizia,2020-06-04,Friuli Venezia Giulia,214
Trieste,2020-06-04,Friuli Venezia Giulia,1389
Pordenone,2020-06-04,Friuli Venezia Giulia,689
Sondrio,2020-06-04,Lombardia,1471
Ragusa,2020-06-04,Sicilia,97
Rovigo,2020-06-04,Veneto,442
Piacenza,2020-06-05,Emilia-Romagna,4498
Ravenna,2020-06-05,Emilia-Romagna,1028
Gorizia,2020-06-05,Friuli Venezia Giulia,214
Trieste,2020-06-05,Friuli Venezia Giulia,1389
Pordenone,2020-06-05,Friuli Venezia Giulia,689
Sondrio,2020-06-05,Lombardia,1481
Ragusa,2020-06-05,Sicilia,97
Rovigo,2020-06-05,Veneto,442
Piacenza,2020-06-06,Emilia-Romagna,4500
Ravenna,2020-06-06,Emilia-Romagna,1028
Gorizia,2020-06-06,Friuli Venezia Giulia,214
Trieste,2020-06-06,Friuli Venezia Giulia,1389
Pordenone,2020-06-06,Friuli Venezia Giulia,691
Sondrio,2020-06-06,Lombardia,1481
Ragusa,2020-06-06,Sicilia,97
Rovigo,2020-06-06,Veneto,442
Piacenza,2020-06-07,Emilia-Romagna,4503
Ravenna,2020-06-07,Emilia-Romagna,1028
Gorizia,2020-06-07,Friuli Venezia Giulia,214
Trieste,2020-06-07,Friuli Venezia Giulia,1389
Pordenone,2020-06-07,Friuli Venezia Giulia,691
Sondrio,2020-06-07,Lombardia,1488
Ragusa,2020-06-07,Sicilia,98
Rovigo,2020-06-07,Veneto,442
Piacenza,2020-06-08,Emilia-Romagna,4506
Ravenna,2020-06-08,Emilia-Romagna,1030
Gorizia,2020-06-08,Friuli Venezia Giulia,214
Trieste,2020-06-08,Friuli Venezia Giulia,1390
Pordenone,2020-06-08,Friuli Venezia Giulia,691
Sondrio,2020-06-08,Lombardia,1492
Ragusa,2020-06-08,Sicilia,98
Rovigo,2020-06-08,Veneto,443
Piacenza,2020-06-09,Emilia-Romagna,4507
Ravenna,2020-06-09,Emilia-Romagna,1031
Gorizia,2020-06-09,Friuli Venezia Giulia,214
Trieste,2020-06-09,Friuli Venezia Giulia,1390
Pordenone,2020-06-09,Friuli Venezia Giulia,691
Sondrio,2020-06-09,Lombardia,1499
Ragusa,2020-06-09,Sicilia,98
Rovigo,2020-06-09,Veneto,443
Piacenza,2020-06-10,Emilia-Romagna,4514
Ravenna,2020-06-10,Emilia-Romagna,1031
Gorizia,2020-06-10,Friuli Venezia Giulia,214
Trieste,2020-06-10,Friuli Venezia Giulia,1390
Pordenone,2020-06-10,Friuli Venezia Giulia,691
Sondrio,2020-06-10,Lombardia,1499
Ragusa,2020-06-10,Sicilia,98
Rovigo,2020-06-10,Veneto,443
Piacenza,2020-06-11,Emilia-Romagna,4519
Ravenna,2020-06-11,Emilia-Romagna,1033
Gorizia,2020-06-11,Friuli Venezia Giulia,215
Trieste,2020-06-11,Friuli Venezia Giulia,1390
Pordenone,2020-06-11,Friuli Venezia Giulia,691
Sondrio,2020-06-11,Lombardia,1505
Ragusa,2020-06-11,Sicilia,98
Rovigo,2020-06-11,Veneto,443
Piacenza,2020-06-12,Emilia-Romagna,4521
Ravenna,2020-06-12,Emilia-Romagna,1034
Gorizia,2020-06-12,Friuli Venezia Giulia,215
Trieste,2020-06-12,Friuli Venezia Giulia,1391
Pordenone,2020-06-12,Friuli Venezia Giulia,692
Sondrio,2020-06-12,Lombardia,1516
Ragusa,2020-06-12,Sicilia,98
Rovigo,2020-06-12,Veneto,442
Piacenza,2020-06-13,Emilia-Romagna,4523
Ravenna,2020-06-13,Emilia-Romagna,1034
Gorizia,2020-06-13,Friuli Venezia Giulia,215
Trieste,2020-06-13,Friuli Venezia Giulia,1393
Pordenone,2020-06-13,Friuli Venezia Giulia,695
Sondrio,2020-06-13,Lombardia,1517
Ragusa,2020-06-13,Sicilia,98
Rovigo,2020-06-13,Veneto,443
Piacenza,2020-06-14,Emilia-Romagna,4523
Ravenna,2020-06-14,Emilia-Romagna,1035
Gorizia,2020-06-14,Friuli Venezia Giulia,215
Trieste,2020-06-14,Friuli Venezia Giulia,1393
Pordenone,2020-06-14,Friuli Venezia Giulia,695
Sondrio,2020-06-14,Lombardia,1523
Ragusa,2020-06-14,Sicilia,98
Rovigo,2020-06-14,Veneto,443
Piacenza,2020-06-15,Emilia-Romagna,4523
Ravenna,2020-06-15,Emilia-Romagna,1036
Gorizia,2020-06-15,Friuli Venezia Giulia,215
Trieste,2020-06-15,Friuli Venezia Giulia,1393
Pordenone,2020-06-15,Friuli Venezia Giulia,695
Sondrio,2020-06-15,Lombardia,1540
Ragusa,2020-06-15,Sicilia,98
Rovigo,2020-06-15,Veneto,443
Piacenza,2020-06-16,Emilia-Romagna,4527
Ravenna,2020-06-16,Emilia-Romagna,1036
Gorizia,2020-06-16,Friuli Venezia Giulia,215
Trieste,2020-06-16,Friuli Venezia Giulia,1393
Pordenone,2020-06-16,Friuli Venezia Giulia,696
Sondrio,2020-06-16,Lombardia,1541
Ragusa,2020-06-16,Sicilia,98
Rovigo,2020-06-16,Veneto,443
Piacenza,2020-06-17,Emilia-Romagna,4528
Ravenna,2020-06-17,Emilia-Romagna,1036
Gorizia,2020-06-17,Friuli Venezia Giulia,216
Trieste,2020-06-17,Friuli Venezia Giulia,1393
Pordenone,2020-06-17,Friuli Venezia Giulia,696
Sondrio,2020-06-17,Lombardia,1542
Ragusa,2020-06-17,Sicilia,98
Rovigo,2020-06-17,Veneto,443
Piacenza,2020-06-18,Emilia-Romagna,4534
Ravenna,2020-06-18,Emilia-Romagna,1036
Gorizia,2020-06-18,Friuli Venezia Giulia,216
Trieste,2020-06-18,Friuli Venezia Giulia,1393
Pordenone,2020-06-18,Friuli Venezia Giulia,697
Sondrio,2020-06-18,Lombardia,1554
Ragusa,2020-06-18,Sicilia,98
Rovigo,2020-06-18,Veneto,443
Piacenza,2020-06-19,Emilia-Romagna,4534
Ravenna,2020-06-19,Emilia-Romagna,1036
Gorizia,2020-06-19,Friuli Venezia Giulia,216
Trieste,2020-06-19,Friuli Venezia Giulia,1393
Pordenone,2020-06-19,Friuli Venezia Giulia,698
Sondrio,2020-06-19,Lombardia,1557
Ragusa,2020-06-19,Sicilia,87
Rovigo,2020-06-19,Veneto,443
Piacenza,2020-06-20,Emilia-Romagna,4535
Ravenna,2020-06-20,Emilia-Romagna,1038
Gorizia,2020-06-20,Friuli Venezia Giulia,216
Trieste,2020-06-20,Friuli Venezia Giulia,1393
Pordenone,2020-06-20,Friuli Venezia Giulia,698
Sondrio,2020-06-20,Lombardia,1563
Ragusa,2020-06-20,Sicilia,87
Rovigo,2020-06-20,Veneto,443
Piacenza,2020-06-21,Emilia-Romagna,4536
Ravenna,2020-06-21,Emilia-Romagna,1037
Gorizia,2020-06-21,Friuli Venezia Giulia,216
Trieste,2020-06-21,Friuli Venezia Giulia,1393
Pordenone,2020-06-21,Friuli Venezia Giulia,699
Sondrio,2020-06-21,Lombardia,1567
Ragusa,2020-06-21,Sicilia,87
Rovigo,2020-06-21,Veneto,443
Piacenza,2020-06-22,Emilia-Romagna,4537
Ravenna,2020-06-22,Emilia-Romagna,1037
Gorizia,2020-06-22,Friuli Venezia Giulia,216
Trieste,2020-06-22,Friuli Venezia Giulia,1393
Pordenone,2020-06-22,Friuli Venezia Giulia,699
Sondrio,2020-06-22,Lombardia,1568
Ragusa,2020-06-22,Sicilia,87
Rovigo,2020-06-22,Veneto,443
Piacenza,2020-06-23,Emilia-Romagna,4538
Ravenna,2020-06-23,Emilia-Romagna,1037
Gorizia,2020-06-23,Friuli Venezia Giulia,216
Trieste,2020-06-23,Friuli Venezia Giulia,1393
Pordenone,2020-06-23,Friuli Venezia Giulia,699
Sondrio,2020-06-23,Lombardia,1569
Ragusa,2020-06-23,Sicilia,87
Rovigo,2020-06-23,Veneto,445
Piacenza,2020-06-24,Emilia-Romagna,4422
Ravenna,2020-06-24,Emilia-Romagna,1021
Gorizia,2020-06-24,Friuli Venezia Giulia,216
Trieste,2020-06-24,Friuli Venezia Giulia,1393
Pordenone,2020-06-24,Friuli Venezia Giulia,699
Sondrio,2020-06-24,Lombardia,1569
Ragusa,2020-06-24,Sicilia,87
Rovigo,2020-06-24,Veneto,444
Piacenza,2020-06-25,Emilia-Romagna,4423
Ravenna,2020-06-25,Emilia-Romagna,1021
Gorizia,2020-06-25,Friuli Venezia Giulia,216
Trieste,2020-06-25,Friuli Venezia Giulia,1393
Pordenone,2020-06-25,Friuli Venezia Giulia,699
Sondrio,2020-06-25,Lombardia,1575
Ragusa,2020-06-25,Sicilia,87
Rovigo,2020-06-25,Veneto,444
Piacenza,2020-06-26,Emilia-Romagna,4399
Ravenna,2020-06-26,Emilia-Romagna,1020
Gorizia,2020-06-26,Friuli Venezia Giulia,216
Trieste,2020-06-26,Friuli Venezia Giulia,1393
Pordenone,2020-06-26,Friuli Venezia Giulia,701
Sondrio,2020-06-26,Lombardia,1582
Ragusa,2020-06-26,Sicilia,87
Rovigo,2020-06-26,Veneto,444
Piacenza,2020-06-27,Emilia-Romagna,4427
Ravenna,2020-06-27,Emilia-Romagna,1028
Gorizia,2020-06-27,Friuli Venezia Giulia,216
Trieste,2020-06-27,Friuli Venezia Giulia,1393
Pordenone,2020-06-27,Friuli Venezia Giulia,701
Sondrio,2020-06-27,Lombardia,1582
Ragusa,2020-06-27,Sicilia,87
Rovigo,2020-06-27,Veneto,444
Piacenza,2020-06-28,Emilia-Romagna,4427
Ravenna,2020-06-28,Emilia-Romagna,1030
Gorizia,2020-06-28,Friuli Venezia Giulia,216
Trieste,2020-06-28,Friuli Venezia Giulia,1393
Pordenone,2020-06-28,Friuli Venezia Giulia,702
Sondrio,2020-06-28,Lombardia,1584
Ragusa,2020-06-28,Sicilia,87
Rovigo,2020-06-28,Veneto,444
Piacenza,2020-06-29,Emilia-Romagna,4428
Ravenna,2020-06-29,Emilia-Romagna,1030
Gorizia,2020-06-29,Friuli Venezia Giulia,216
Trieste,2020-06-29,Friuli Venezia Giulia,1393
Pordenone,2020-06-29,Friuli Venezia Giulia,702
Sondrio,2020-06-29,Lombardia,1584
Ragusa,2020-06-29,Sicilia,87
Rovigo,2020-06-29,Veneto,444
Piacenza,2020-06-30,Emilia-Romagna,4428
Ravenna,2020-06-30,Emilia-Romagna,1030
Gorizia,2020-06-30,Friuli Venezia Giulia,216
Trieste,2020-06-30,Friuli Venezia Giulia,1393
Pordenone,2020-06-30,Friuli Venezia Giulia,702
Sondrio,2020-06-30,Lombardia,1584
Ragusa,2020-06-30,Sicilia,87
Rovigo,2020-06-30,Veneto,444
